<?xml version="1.0" encoding="UTF-8"?>
<!DOCTYPE log4j:configuration PUBLIC "-//APACHE//DTD LOG4J 1.2//EN" "log4j.dtd">
<log4j:configuration xmlns:log4j="http://jakarta.apache.org/log4j/">

    <!-- Appenders -->
    <appender name="console" class="org.apache.log4j.ConsoleAppender">
        <param name="Target" value="System.out"/>
        <layout class="org.apache.log4j.PatternLayout">
            <param name="ConversionPattern" value="[%d %c ] - %-5p - %m%n"/>
        </layout>
    </appender>

    <!--
    <appender name="FileAppender" class="org.apache.log4j.RollingFileAppender">
        <param name="file" value="${catalina.base}/logs/ctrac.log"/>
        <param name="MaxFileSize" value="9048576"/>
        <param name="MaxBackupIndex" value="10"/>
        <layout class="org.apache.log4j.PatternLayout">
            <param name="ConversionPattern" value="[%d %c ] - %-5p - %m%n"/>
        </layout>
    </appender>
    -->

    <!-- Application Loggers -->
    <logger name="com.jpmorgan.cib.wlt.ctrac" additivity="false">
        <level value="DEBUG"/>
        <appender-ref ref="console"/>
        <!--<appender-ref ref="FileAppender"/>-->
    </logger>

    <logger name="com.jpmorgan.cib.wlt.ctrac.service.ews.adapter.ExchangeWebServiceTraceListener" additivity="false">
        <level value="TRACE" ></level>
        <appender-ref ref="console" />
    </logger>

    <logger name="com.jpmorgan.cib.wlt.ctrac.web.interceptor.filter.CookieSessionFilter">
        <level value="WARN"/>
    </logger>

    <!-- 3rdparty Loggers -->
    <logger name="org.springframework">
        <level value="WARN"/>
    </logger>

    <logger name="org.hibernate">
        <level value="WARN"/>
    </logger>

    <logger name="org.mule">
        <level value="INFO"/>
        <appender-ref ref="console"/>
    </logger>

    <!-- Root Logger -->
    <root>
        <priority value="INFO"/>
        <appender-ref ref="console"/>
        <!--<appender-ref ref="FileAppender"/>-->
    </root>

</log4j:configuration>
