<?xml version="1.0" encoding="UTF-8"?>
<Configuration>
    <Properties>
        <Property name="logging.pattern" value="[%d][%-5p][%t][%c] - %m%n"/>
    </Properties>

    <Appenders>
        <Console name="consoleAppender" target="SYSTEM_OUT">
            <PatternLayout pattern="${logging.pattern}"/>
        </Console>
        <RollingFile name="collateralLogFileAppender" fileName="${sys:catalina.base}/logs/ctrac-collateral.log"
                     filePattern="${sys:catalina.base}/logs/ctrac-collateral-%d{yyyy-MM-dd}-%i.log.gz">
            <PatternLayout pattern="${logging.pattern}"/>
            <Policies>
                <SizeBasedTriggeringPolicy size="100 MB"/>
                <TimeBasedTriggeringPolicy />
            </Policies>
            <DefaultRolloverStrategy max="10"/>
        </RollingFile>
    </Appenders>
    <Loggers>
        <Logger name="com.jpmorgan.cb.wlt" level="debug"/>
        <Logger name="com.jpmorgan.cib.wlt.ctrac" level="debug"/>
        <Logger name="org.springframework" level="warn"/>
        <Logger name="org.hibernate" level="warn"/>
        <Root level="info">
            <!--<AppenderRef ref="consoleAppender"/>-->
            <AppenderRef ref="collateralLogFileAppender"/>
        </Root>
    </Loggers>
</Configuration>